location,age_group
ARG,100+
ARG,from 12 to 17
ARG,from 18 to 29
ARG,from 3 to 11
ARG,from 30 to 39
ARG,from 40 to 49
ARG,from 50 to 59
ARG,from 60 to 69
ARG,from 70 to 79
ARG,from 80 to 89
ARG,from 90 to 99
AUS,from 12 to 15
AUS,from 16 to 19
AUS,from 20 to 29
AUS,from 30 to 39
AUS,from 40 to 49
AUS,from 5 to 11
AUS,from 50 to 59
AUS,from 60 to 69
AUS,from 70 to 79
AUS,from 80 to 89
AUS,90+
AUT,from 0 to 4
AUT,from 10 to 14
AUT,from 15 to 17
AUT,from 18 to 24
AUT,from 25 to 49
AUT,from 5 to 9
AUT,from 50 to 59
AUT,from 60 to 69
AUT,from 70 to 79
AUT,80+
BEL,from 0 to 17
BEL,from 18 to 24
BEL,from 25 to 49
BEL,from 50 to 59
BEL,from 60 to 69
BEL,from 70 to 79
BEL,80+
BGR,from 0 to 17
BGR,from 18 to 24
BGR,from 25 to 49
BGR,from 50 to 59
BGR,from 60 to 69
BGR,from 70 to 79
BGR,80+
CAN,from 0 to 15
CAN,from 0 to 4
CAN,from 12 to 17
CAN,from 16 to 69
CAN,from 18 to 29
CAN,from 18 to 69
CAN,from 30 to 39
CAN,from 40 to 49
CAN,from 5 to 11
CAN,from 50 to 59
CAN,from 60 to 69
CAN,from 70 to 79
CAN,80+
HRV,from 0 to 4
HRV,from 10 to 14
HRV,from 15 to 17
HRV,from 18 to 24
HRV,from 25 to 49
HRV,from 5 to 9
HRV,from 50 to 59
HRV,from 60 to 69
HRV,from 70 to 79
HRV,80+
CYP,from 0 to 4
CYP,from 10 to 14
CYP,from 15 to 17
CYP,from 18 to 24
CYP,from 25 to 49
CYP,from 5 to 9
CYP,from 50 to 59
CYP,from 60 to 69
CYP,from 70 to 79
CYP,80+
CZE,from 0 to 4
CZE,from 10 to 14
CZE,from 15 to 17
CZE,from 18 to 24
CZE,from 25 to 49
CZE,from 5 to 9
CZE,from 50 to 59
CZE,from 60 to 69
CZE,from 70 to 79
CZE,80+
DNK,from 0 to 4
DNK,from 10 to 14
DNK,from 15 to 17
DNK,from 18 to 24
DNK,from 25 to 49
DNK,from 5 to 9
DNK,from 50 to 59
DNK,from 60 to 69
DNK,from 70 to 79
DNK,80+
EST,from 0 to 17
EST,from 18 to 24
EST,from 25 to 49
EST,from 50 to 59
EST,from 60 to 69
EST,from 70 to 79
EST,80+
FIN,from 10 to 14
FIN,from 15 to 17
FIN,from 18 to 24
FIN,from 25 to 49
FIN,from 5 to 9
FIN,from 50 to 59
FIN,from 60 to 69
FIN,from 70 to 79
FIN,80+
FRA,from 0 to 17
FRA,from 18 to 24
FRA,from 25 to 49
FRA,from 50 to 59
FRA,from 60 to 69
FRA,from 70 to 79
FRA,80+
HKG,from 0 to 19
HKG,from 20 to 29
HKG,from 30 to 39
HKG,from 40 to 49
HKG,from 50 to 59
HKG,from 60 to 69
HKG,from 70 to 79
HKG,80+
HUN,from 0 to 17
HUN,from 18 to 24
HUN,from 25 to 49
HUN,from 50 to 59
HUN,from 60 to 69
HUN,from 70 to 79
HUN,80+
ISL,from 0 to 4
ISL,from 10 to 14
ISL,from 15 to 17
ISL,from 18 to 24
ISL,from 25 to 49
ISL,from 5 to 9
ISL,from 50 to 59
ISL,from 60 to 69
ISL,from 70 to 79
ISL,80+
IRL,from 0 to 4
IRL,from 10 to 14
IRL,from 15 to 17
IRL,from 18 to 24
IRL,from 25 to 49
IRL,from 5 to 9
IRL,from 50 to 59
IRL,from 60 to 69
IRL,from 70 to 79
IRL,80+
ISR,from 12 to 15
ISR,from 16 to 19
ISR,from 20 to 29
ISR,from 30 to 39
ISR,from 40 to 49
ISR,from 5 to 11
ISR,from 50 to 59
ISR,from 60 to 69
ISR,from 70 to 79
ISR,from 80 to 89
ISR,90+
ITA,from 0 to 17
ITA,from 18 to 24
ITA,from 25 to 49
ITA,from 50 to 59
ITA,from 60 to 69
ITA,from 70 to 79
ITA,80+
JPN,from 0 to 5
JPN,from 12 to 64
JPN,from 5 to 11
JPN,65+
JEY,from 12 to 15
JEY,from 16 to 17
JEY,from 18 to 29
JEY,from 30 to 39
JEY,from 40 to 49
JEY,from 5 to 11
JEY,from 50 to 54
JEY,from 55 to 59
JEY,from 60 to 64
JEY,from 65 to 69
JEY,from 70 to 74
JEY,from 75 to 79
JEY,80+
LVA,from 0 to 4
LVA,from 10 to 14
LVA,from 15 to 17
LVA,from 18 to 24
LVA,from 25 to 49
LVA,from 5 to 9
LVA,from 50 to 59
LVA,from 60 to 69
LVA,from 70 to 79
LVA,80+
LIE,from 10 to 14
LIE,from 15 to 17
LIE,from 18 to 24
LIE,from 25 to 49
LIE,from 5 to 9
LIE,from 50 to 59
LIE,from 60 to 69
LIE,from 70 to 79
LIE,80+
LTU,from 0 to 4
LTU,from 10 to 14
LTU,from 15 to 17
LTU,from 18 to 24
LTU,from 25 to 49
LTU,from 5 to 9
LTU,from 50 to 59
LTU,from 60 to 69
LTU,from 70 to 79
LTU,80+
LUX,from 10 to 14
LUX,from 15 to 17
LUX,from 18 to 24
LUX,from 25 to 49
LUX,from 5 to 9
LUX,from 50 to 59
LUX,from 60 to 69
LUX,from 70 to 79
LUX,80+
MLT,from 0 to 17
MLT,from 18 to 24
MLT,from 25 to 49
MLT,from 50 to 59
MLT,from 60 to 69
MLT,from 70 to 79
MLT,80+
NLD,from 0 to 4
NLD,from 10 to 14
NLD,from 15 to 17
NLD,from 18 to 24
NLD,from 25 to 49
NLD,from 5 to 9
NLD,from 50 to 59
NLD,from 60 to 69
NLD,from 70 to 79
NLD,80+
NOR,from 0 to 17
NOR,from 18 to 24
NOR,from 25 to 49
NOR,from 50 to 59
NOR,from 60 to 69
NOR,from 70 to 79
NOR,80+
PER,from 0 to 17
PER,from 18 to 24
PER,from 25 to 49
PER,from 50 to 59
PER,from 60 to 69
PER,from 70 to 79
PER,80+
POL,from 0 to 4
POL,from 10 to 14
POL,from 15 to 17
POL,from 18 to 24
POL,from 25 to 49
POL,from 5 to 9
POL,from 50 to 59
POL,from 60 to 69
POL,from 70 to 79
POL,80+
PRT,from 0 to 4
PRT,from 10 to 14
PRT,from 15 to 17
PRT,from 18 to 24
PRT,from 25 to 49
PRT,from 5 to 9
PRT,from 50 to 59
PRT,from 60 to 69
PRT,from 70 to 79
PRT,80+
ROU,from 0 to 17
ROU,from 18 to 24
ROU,from 25 to 49
ROU,from 50 to 59
ROU,from 60 to 69
ROU,from 70 to 79
ROU,80+
SVK,from 0 to 4
SVK,from 10 to 14
SVK,from 15 to 17
SVK,from 18 to 24
SVK,from 25 to 49
SVK,from 5 to 9
SVK,from 50 to 59
SVK,from 60 to 69
SVK,from 70 to 79
SVK,80+
SVN,from 0 to 17
SVN,from 18 to 24
SVN,from 25 to 49
SVN,from 50 to 59
SVN,from 60 to 69
SVN,from 70 to 79
SVN,80+
ESP,from 10 to 14
ESP,from 15 to 17
ESP,from 18 to 24
ESP,from 25 to 49
ESP,from 5 to 9
ESP,from 50 to 59
ESP,from 60 to 69
ESP,from 70 to 79
ESP,80+
SWE,from 15 to 17
SWE,from 18 to 24
SWE,from 25 to 49
SWE,from 50 to 59
SWE,from 60 to 69
SWE,from 70 to 79
SWE,80+
CHE,from 0 to 9
CHE,from 10 to 19
CHE,from 20 to 29
CHE,from 30 to 39
CHE,from 40 to 49
CHE,from 50 to 59
CHE,from 60 to 69
CHE,from 70 to 79
CHE,80+
URY,from 12 to 17
URY,from 18 to 24
URY,from 25 to 34
URY,from 35 to 44
URY,from 45 to 54
URY,from 55 to 64
URY,from 65 to 74
URY,75+
