iso_code,location,last_observation_date
AFG,Afghanistan,2023-12-31
ALB,Albania,2023-09-10
DZA,Algeria,2022-09-04
AND,Andorra,2023-09-24
AGO,Angola,2023-12-31
AIA,Anguilla,2023-03-17
ATG,Antigua and Barbuda,2022-09-16
ARG,Argentina,2024-01-27
ARM,Armenia,2023-10-01
ABW,Aruba,2024-03-12
AUS,Australia,2023-12-31
AUT,Austria,2023-06-30
AZE,Azerbaijan,2022-08-28
BHS,Bahamas,2023-05-12
BHR,Bahrain,2022-12-21
BGD,Bangladesh,2024-05-27
BRB,Barbados,2023-12-29
BLR,Belarus,2023-09-03
BEL,Belgium,2024-02-11
BLZ,Belize,2023-05-12
BEN,Benin,2022-12-18
BMU,Bermuda,2022-07-08
BTN,Bhutan,2022-10-30
BOL,Bolivia,2022-10-07
BES,Bonaire Sint Eustatius and Saba,2021-09-01
BIH,Bosnia and Herzegovina,2022-01-29
BWA,Botswana,2023-12-31
BRA,Brazil,2023-03-22
VGB,British Virgin Islands,2022-09-16
BRN,Brunei,2023-06-30
BGR,Bulgaria,2024-05-28
BFA,Burkina Faso,2023-07-23
BDI,Burundi,2023-12-31
KHM,Cambodia,2023-12-31
CMR,Cameroon,2023-10-15
CAN,Canada,2024-05-22
CPV,Cape Verde,2022-09-25
CYM,Cayman Islands,2023-12-29
CAF,Central African Republic,2023-09-03
TCD,Chad,2023-12-31
CHL,Chile,2023-12-29
CHN,China,2023-02-09
COL,Colombia,2023-12-29
COM,Comoros,2022-10-02
COG,Congo,2022-07-31
COK,Cook Islands,2023-02-13
CRI,Costa Rica,2023-10-06
CIV,Cote d'Ivoire,2023-02-19
HRV,Croatia,2023-11-28
CUB,Cuba,2024-04-12
CUW,Curacao,2023-05-12
CYP,Cyprus,2023-02-22
CZE,Czechia,2024-05-28
COD,Democratic Republic of Congo,2023-06-04
DNK,Denmark,2023-09-29
DJI,Djibouti,2023-10-08
DMA,Dominica,2022-10-07
DOM,Dominican Republic,2023-12-28
ECU,Ecuador,2023-03-31
EGY,Egypt,2023-05-21
SLV,El Salvador,2022-10-02
OWID_ENG,England,2023-07-10
GNQ,Equatorial Guinea,2022-07-24
EST,Estonia,2024-05-27
SWZ,Eswatini,2023-06-04
ETH,Ethiopia,2023-05-28
FRO,Faeroe Islands,2022-02-18
FLK,Falkland Islands,2021-04-14
FJI,Fiji,2023-05-01
FIN,Finland,2024-01-09
FRA,France,2023-07-10
PYF,French Polynesia,2023-05-01
GAB,Gabon,2023-02-05
GMB,Gambia,2023-03-19
GEO,Georgia,2022-10-13
DEU,Germany,2023-04-07
GHA,Ghana,2023-07-02
GIB,Gibraltar,2022-12-16
GRC,Greece,2024-05-27
GRL,Greenland,2022-03-14
GRD,Grenada,2023-03-17
GTM,Guatemala,2023-05-12
GGY,Guernsey,2022-12-19
GIN,Guinea,2023-09-24
GNB,Guinea-Bissau,2023-10-15
GUY,Guyana,2023-02-17
HTI,Haiti,2023-12-29
HND,Honduras,2023-08-11
HKG,Hong Kong,2024-05-10
HUN,Hungary,2022-12-27
ISL,Iceland,2022-03-29
IND,India,2024-05-28
IDN,Indonesia,2023-11-23
IRN,Iran,2023-11-26
IRQ,Iraq,2023-01-02
IRL,Ireland,2024-05-10
IMN,Isle of Man,2022-06-23
ISR,Israel,2023-05-04
ITA,Italy,2023-11-16
JAM,Jamaica,2023-10-03
JPN,Japan,2023-05-07
JEY,Jersey,2023-01-29
JOR,Jordan,2022-08-21
KAZ,Kazakhstan,2023-04-30
KEN,Kenya,2023-04-02
KIR,Kiribati,2023-02-20
OWID_KOS,Kosovo,2023-02-12
KWT,Kuwait,2023-11-26
KGZ,Kyrgyzstan,2023-09-08
LAO,Laos,2022-08-11
LVA,Latvia,2022-07-11
LBN,Lebanon,2022-12-22
LSO,Lesotho,2023-03-19
LBR,Liberia,2022-12-11
LBY,Libya,2023-01-16
LIE,Liechtenstein,2023-06-07
LTU,Lithuania,2024-05-28
LUX,Luxembourg,2023-06-11
MAC,Macao,2023-04-13
MDG,Madagascar,2023-07-30
MWI,Malawi,2023-09-24
MYS,Malaysia,2024-05-28
MDV,Maldives,2023-05-25
MLI,Mali,2023-05-14
MLT,Malta,2024-03-19
MRT,Mauritania,2023-11-19
MUS,Mauritius,2023-07-30
MEX,Mexico,2022-11-18
MDA,Moldova,2023-12-23
MCO,Monaco,2021-12-21
MNG,Mongolia,2022-05-18
MNE,Montenegro,2022-08-26
MSR,Montserrat,2022-12-16
MAR,Morocco,2023-05-14
MOZ,Mozambique,2023-07-02
MMR,Myanmar,2023-08-21
NAM,Namibia,2023-11-12
NRU,Nauru,2023-02-20
NPL,Nepal,2023-11-23
NLD,Netherlands,2023-09-29
NCL,New Caledonia,2023-05-09
NZL,New Zealand,2024-05-17
NIC,Nicaragua,2023-08-11
NER,Niger,2023-07-30
NGA,Nigeria,2023-11-05
NIU,Niue,2023-03-04
MKD,North Macedonia,2023-05-07
OWID_CYN,Northern Cyprus,2022-12-06
OWID_NIR,Northern Ireland,2023-07-11
NOR,Norway,2022-11-13
OMN,Oman,2022-10-25
PAK,Pakistan,2023-11-14
PSE,Palestine,2022-10-18
PAN,Panama,2023-05-12
PNG,Papua New Guinea,2023-05-01
PRY,Paraguay,2023-05-12
PER,Peru,2023-12-10
PHL,Philippines,2023-03-19
PCN,Pitcairn,2022-08-29
POL,Poland,2023-11-10
PRT,Portugal,2023-09-29
QAT,Qatar,2023-05-07
ROU,Romania,2023-12-23
RUS,Russia,2023-09-27
RWA,Rwanda,2023-06-04
SHN,Saint Helena,2021-05-05
KNA,Saint Kitts and Nevis,2022-12-07
LCA,Saint Lucia,2022-12-02
VCT,Saint Vincent and the Grenadines,2023-04-21
WSM,Samoa,2023-04-17
SMR,San Marino,2022-05-22
STP,Sao Tome and Principe,2023-07-30
SAU,Saudi Arabia,2023-04-25
OWID_SCT,Scotland,2022-09-11
SEN,Senegal,2023-11-12
SRB,Serbia,2022-06-23
SYC,Seychelles,2023-04-09
SLE,Sierra Leone,2023-07-30
SGP,Singapore,2023-01-31
SXM,Sint Maarten (Dutch part),2023-03-31
SVK,Slovakia,2022-07-31
SVN,Slovenia,2022-07-06
SLB,Solomon Islands,2022-10-31
SOM,Somalia,2023-07-25
ZAF,South Africa,2023-09-24
KOR,South Korea,2023-05-26
SSD,South Sudan,2023-10-01
ESP,Spain,2023-05-24
LKA,Sri Lanka,2022-10-30
SDN,Sudan,2023-04-02
SUR,Suriname,2022-05-23
SWE,Sweden,2024-02-26
CHE,Switzerland,2023-07-03
SYR,Syria,2023-04-18
TWN,Taiwan,2023-09-24
TJK,Tajikistan,2023-12-23
TZA,Tanzania,2023-03-12
THA,Thailand,2022-09-30
TLS,Timor,2023-11-22
TGO,Togo,2023-11-19
TKL,Tokelau,2022-12-05
TON,Tonga,2023-04-11
TTO,Trinidad and Tobago,2022-09-21
TUN,Tunisia,2023-06-20
TUR,Turkey,2022-11-22
TKM,Turkmenistan,2023-08-06
TCA,Turks and Caicos Islands,2023-01-06
TUV,Tuvalu,2023-02-01
UGA,Uganda,2023-05-28
UKR,Ukraine,2023-12-23
ARE,United Arab Emirates,2022-06-20
GBR,United Kingdom,2022-09-11
USA,United States,2023-05-09
URY,Uruguay,2023-11-13
UZB,Uzbekistan,2023-12-23
VUT,Vanuatu,2023-02-20
VEN,Venezuela,2022-12-07
VNM,Vietnam,2023-06-30
OWID_WLS,Wales,2023-06-30
WLF,Wallis and Futuna,2023-01-23
YEM,Yemen,2023-12-10
ZMB,Zambia,2023-06-25
ZWE,Zimbabwe,2022-10-09
OWID_AFR,Africa,2023-12-31
OWID_ASI,Asia,2024-05-28
OWID_EUN,European Union,2024-05-28
OWID_EUR,Europe,2024-05-28
OWID_HIC,High income,2024-05-28
OWID_LIC,Low income,2023-12-31
OWID_LMC,Lower middle income,2024-05-28
OWID_NAM,North America,2024-05-22
OWID_OCE,Oceania,2024-05-17
OWID_SAM,South America,2024-01-27
OWID_UMC,Upper middle income,2024-05-28
OWID_WRL,World,2024-05-28
