state,iso_code
Alabama,USA
Alaska,USA
American Samoa,USA
Arizona,USA
Arkansas,USA
Bureau of Prisons,USA
California,USA
Colorado,USA
Connecticut,USA
Delaware,USA
Dept of Defense,USA
District of Columbia,USA
Federated States of Micronesia,USA
Florida,USA
Georgia,USA
Guam,USA
Hawaii,USA
Idaho,USA
Illinois,USA
Indian Health Svc,USA
Indiana,USA
Iowa,USA
Kansas,USA
Kentucky,USA
Long Term Care,USA
Louisiana,USA
Maine,USA
Marshall Islands,USA
Maryland,USA
Massachusetts,USA
Michigan,USA
Minnesota,USA
Mississippi,USA
Missouri,USA
Montana,USA
Nebraska,USA
Nevada,USA
New Hampshire,USA
New Jersey,USA
New Mexico,USA
New York State,USA
North Carolina,USA
North Dakota,USA
Northern Mariana Islands,USA
Ohio,USA
Oklahoma,USA
Oregon,USA
Pennsylvania,USA
Puerto Rico,USA
Republic of Palau,USA
Rhode Island,USA
South Carolina,USA
South Dakota,USA
Tennessee,USA
Texas,USA
United States,USA
Utah,USA
Vermont,USA
Veterans Health,USA
Virgin Islands,USA
Virginia,USA
Washington,USA
West Virginia,USA
Wisconsin,USA
Wyoming,USA
