iso_code,vaccine
MAR,CanSino
MAR,Covaxin
MAR,Johnson&Johnson
MAR,Moderna
MAR,Oxford/AstraZeneca
MAR,Pfizer/BioNTech
MAR,Sinopharm/Beijing
MAR,Sinovac
MAR,SputnikV
MAR,Sputnik Light
ABW,Pfizer/BioNTech
AFG,CanSino
AFG,Covaxin
AFG,Johnson&Johnson
AFG,Moderna
AFG,Oxford/AstraZeneca
AFG,Pfizer/BioNTech
AFG,Sinopharm/Beijing
AFG,Sinovac
AFG,SputnikV
AFG,Sputnik Light
AGO,Oxford/AstraZeneca
AIA,Oxford/AstraZeneca
AIA,Pfizer/BioNTech
ALB,Oxford/AstraZeneca
ALB,Pfizer/BioNTech
ALB,Sinovac
ALB,SputnikV
AND,Moderna
AND,Oxford/AstraZeneca
AND,Pfizer/BioNTech
ARE,CanSino
ARE,Covaxin
ARE,Johnson&Johnson
ARE,Moderna
ARE,Oxford/AstraZeneca
ARE,Pfizer/BioNTech
ARE,Sinopharm/Beijing
ARE,Sinovac
ARE,SputnikV
ARE,Sputnik Light
ARG,CanSino
ARG,Moderna
ARG,Oxford/AstraZeneca
ARG,Pfizer/BioNTech
ARG,Sinopharm/Beijing
ARG,SputnikV
ARM,Johnson&Johnson
ARM,Moderna
ARM,Oxford/AstraZeneca
ARM,Pfizer/BioNTech
ARM,Sinopharm/Beijing
ARM,Sinopharm/Wuhan
ARM,Sinovac
ARM,Sputnik Light
ARM,SputnikV
ATG,Johnson&Johnson
ATG,Oxford/AstraZeneca
ATG,Pfizer/BioNTech
ATG,Sinopharm/Beijing
ATG,SputnikV
AUS,Johnson&Johnson
AUS,Moderna
AUS,Novavax
AUS,Oxford/AstraZeneca
AUS,Pfizer/BioNTech
AUT,Johnson&Johnson
AUT,Moderna
AUT,Novavax
AUT,Oxford/AstraZeneca
AUT,Pfizer/BioNTech
AUT,Sanofi/GSK
AUT,Valneva
AZE,Oxford/AstraZeneca
AZE,Pfizer/BioNTech
AZE,Sinovac
AZE,SputnikV
BDI,Johnson&Johnson
BDI,Sinopharm/Beijing
BEL,Johnson&Johnson
BEL,Moderna
BEL,Novavax
BEL,Oxford/AstraZeneca
BEL,Pfizer/BioNTech
BEN,Johnson&Johnson
BEN,Oxford/AstraZeneca
BEN,Pfizer/BioNTech
BEN,Sinovac
BES,Moderna
BES,Pfizer/BioNTech
BFA,Johnson&Johnson
BFA,Oxford/AstraZeneca
BFA,Sinopharm/Beijing
BGD,Johnson&Johnson
BGD,Moderna
BGD,Oxford/AstraZeneca
BGD,Pfizer/BioNTech
BGD,Sinopharm/Beijing
BGD,Sinovac
BGR,Johnson&Johnson
BGR,Moderna
BGR,Oxford/AstraZeneca
BGR,Pfizer/BioNTech
BHR,CanSino
BHR,Covaxin
BHR,Johnson&Johnson
BHR,Moderna
BHR,Oxford/AstraZeneca
BHR,Pfizer/BioNTech
BHR,Sinopharm/Beijing
BHR,Sinovac
BHR,SputnikV
BHR,Sputnik Light
BHS,Johnson&Johnson
BHS,Oxford/AstraZeneca
BHS,Pfizer/BioNTech
BIH,Oxford/AstraZeneca
BIH,Pfizer/BioNTech
BIH,Sinovac
BIH,SputnikV
BLR,KoviVac/Chumakov
BLR,Sinopharm/Beijing
BLR,Sputnik Light
BLR,SputnikV
BLZ,Johnson&Johnson
BLZ,Oxford/AstraZeneca
BLZ,Pfizer/BioNTech
BLZ,Sinopharm/Beijing
BMU,Oxford/AstraZeneca
BMU,Pfizer/BioNTech
BOL,Johnson&Johnson
BOL,Oxford/AstraZeneca
BOL,Pfizer/BioNTech
BOL,Sinopharm/Beijing
BOL,SputnikV
BRA,Johnson&Johnson
BRA,Oxford/AstraZeneca
BRA,Pfizer/BioNTech
BRA,Sinovac
BRB,Johnson&Johnson
BRB,Oxford/AstraZeneca
BRB,Pfizer/BioNTech
BRB,Sinopharm/Beijing
BRN,Johnson&Johnson
BRN,Moderna
BRN,Oxford/AstraZeneca
BRN,Pfizer/BioNTech
BRN,Sinopharm/Beijing
BTN,Moderna
BTN,Oxford/AstraZeneca
BTN,Pfizer/BioNTech
BTN,Sinopharm/Beijing
BWA,Covaxin
BWA,Johnson&Johnson
BWA,Moderna
BWA,Oxford/AstraZeneca
BWA,Pfizer/BioNTech
BWA,Sinovac
CAF,Covaxin
CAF,Oxford/AstraZeneca
CAN,Johnson&Johnson
CAN,Medicago
CAN,Moderna
CAN,Novavax
CAN,Oxford/AstraZeneca
CAN,Pfizer/BioNTech
CHE,Johnson&Johnson
CHE,Moderna
CHE,Novavax
CHE,Pfizer/BioNTech
CHL,CanSino
CHL,Moderna
CHL,Oxford/AstraZeneca
CHL,Pfizer/BioNTech
CHL,Sinovac
CHN,CanSino
CHN,IMBCAMS
CHN,KCONVAC
CHN,Sinopharm/Beijing
CHN,Sinopharm/Wuhan
CHN,Sinovac
CHN,ZF2001
CIV,Johnson&Johnson
CIV,Oxford/AstraZeneca
CIV,Pfizer/BioNTech
CIV,Sinopharm/Beijing
CIV,SputnikV
CMR,Johnson&Johnson
CMR,Oxford/AstraZeneca
CMR,Pfizer/BioNTech
CMR,Sinopharm/Beijing
COD,Oxford/AstraZeneca
COG,Moderna
COG,Oxford/AstraZeneca
COG,Sinopharm/Beijing
COG,SputnikV
COK,Pfizer/BioNTech
COL,Johnson&Johnson
COL,Moderna
COL,Oxford/AstraZeneca
COL,Pfizer/BioNTech
COL,Sinovac
COM,Covaxin
COM,Oxford/AstraZeneca
COM,Sinopharm/Beijing
CPV,Moderna
CPV,Oxford/AstraZeneca
CPV,Pfizer/BioNTech
CPV,Sinopharm/Beijing
CRI,Moderna
CRI,Oxford/AstraZeneca
CRI,Pfizer/BioNTech
CUB,Abdala
CUB,SoberanaPlus
CUB,Soberana02
CUW,Moderna
CUW,Oxford/AstraZeneca
CUW,Pfizer/BioNTech
CYM,Oxford/AstraZeneca
CYM,Pfizer/BioNTech
CYP,Johnson&Johnson
CYP,Moderna
CYP,Novavax
CYP,Oxford/AstraZeneca
CYP,Pfizer/BioNTech
CZE,Johnson&Johnson
CZE,Moderna
CZE,Novavax
CZE,Oxford/AstraZeneca
CZE,Pfizer/BioNTech
CZE,Sinovac
DEU,Johnson&Johnson
DEU,Moderna
DEU,Novavax
DEU,Oxford/AstraZeneca
DEU,Pfizer/BioNTech
DEU,Valneva
DJI,CanSino
DJI,Covaxin
DJI,Johnson&Johnson
DJI,Moderna
DJI,Oxford/AstraZeneca
DJI,Pfizer/BioNTech
DJI,Sinopharm/Beijing
DJI,Sinovac
DJI,SputnikV
DJI,Sputnik Light
DMA,Moderna
DMA,Oxford/AstraZeneca
DMA,Pfizer/BioNTech
DMA,Sinopharm/Beijing
DNK,Johnson&Johnson
DNK,Moderna
DNK,Oxford/AstraZeneca
DNK,Pfizer/BioNTech
DOM,Oxford/AstraZeneca
DOM,Pfizer/BioNTech
DOM,Sinopharm/Beijing
DOM,Sinovac
DZA,Oxford/AstraZeneca
DZA,Sinopharm/Beijing
DZA,Sinovac
DZA,SputnikV
ECU,CanSino
ECU,Oxford/AstraZeneca
ECU,Pfizer/BioNTech
ECU,Sinovac
EGY,CanSino
EGY,Covaxin
EGY,Johnson&Johnson
EGY,Moderna
EGY,Oxford/AstraZeneca
EGY,Pfizer/BioNTech
EGY,Sinopharm/Beijing
EGY,Sinovac
EGY,SputnikV
EGY,Sputnik Light
ESP,Johnson&Johnson
ESP,Moderna
ESP,Oxford/AstraZeneca
ESP,Pfizer/BioNTech
EST,Johnson&Johnson
EST,Moderna
EST,Novavax
EST,Oxford/AstraZeneca
EST,Pfizer/BioNTech
ETH,Covaxin
ETH,Johnson&Johnson
ETH,Oxford/AstraZeneca
ETH,Sinopharm/Beijing
ETH,Sinovac
FIN,Moderna
FIN,Oxford/AstraZeneca
FIN,Pfizer/BioNTech
FJI,Moderna
FJI,Oxford/AstraZeneca
FJI,Pfizer/BioNTech
FLK,Oxford/AstraZeneca
FRA,Johnson&Johnson
FRA,Moderna
FRA,Novavax
FRA,Oxford/AstraZeneca
FRA,Pfizer/BioNTech
FRA,Sanofi/GSK
FRO,Moderna
FRO,Pfizer/BioNTech
GAB,Pfizer/BioNTech
GAB,Sinopharm/Beijing
GAB,SputnikV
GBR,Moderna
GBR,Oxford/AstraZeneca
GBR,Pfizer/BioNTech
GEO,Oxford/AstraZeneca
GEO,Pfizer/BioNTech
GEO,Sinopharm/Beijing
GEO,Sinovac
GGY,Moderna
GGY,Oxford/AstraZeneca
GGY,Pfizer/BioNTech
GHA,Oxford/AstraZeneca
GHA,SputnikV
GIB,Oxford/AstraZeneca
GIB,Pfizer/BioNTech
GIN,Johnson&Johnson
GIN,Oxford/AstraZeneca
GIN,Pfizer/BioNTech
GIN,Sinopharm/Beijing
GIN,Sinovac
GIN,SputnikV
GMB,Johnson&Johnson
GMB,Oxford/AstraZeneca
GMB,Sinopharm/Beijing
GNB,Oxford/AstraZeneca
GNB,Sinopharm/Beijing
GNQ,Sinopharm/Beijing
GNQ,Sinovac
GRC,Johnson&Johnson
GRC,Moderna
GRC,Novavax
GRC,Oxford/AstraZeneca
GRC,Pfizer/BioNTech
GRD,Johnson&Johnson
GRD,Moderna
GRD,Oxford/AstraZeneca
GRD,Pfizer/BioNTech
GRL,Moderna
GTM,Moderna
GTM,Oxford/AstraZeneca
GTM,Pfizer/BioNTech
GTM,SputnikV
GUY,Johnson&Johnson
GUY,Moderna
GUY,Oxford/AstraZeneca
GUY,Pfizer/BioNTech
GUY,Sinopharm/Beijing
GUY,SputnikV
HKG,Pfizer/BioNTech
HKG,Sinovac
HND,Johnson&Johnson
HND,Moderna
HND,Oxford/AstraZeneca
HND,Pfizer/BioNTech
HND,SputnikV
HRV,Johnson&Johnson
HRV,Moderna
HRV,Novavax
HRV,Oxford/AstraZeneca
HRV,Pfizer/BioNTech
HTI,Johnson&Johnson
HTI,Moderna
HUN,Johnson&Johnson
HUN,Moderna
HUN,Oxford/AstraZeneca
HUN,Pfizer/BioNTech
HUN,Sinopharm/Beijing
HUN,SputnikV
IDN,Johnson&Johnson
IDN,Moderna
IDN,Novavax
IDN,Oxford/AstraZeneca
IDN,Pfizer/BioNTech
IDN,Sinopharm/Beijing
IDN,Sinovac
IMN,Moderna
IMN,Oxford/AstraZeneca
IMN,Pfizer/BioNTech
IND,Corbevax
IND,Covaxin
IND,Novavax
IND,Oxford/AstraZeneca
IND,SputnikV
IRL,Johnson&Johnson
IRL,Moderna
IRL,Novavax
IRL,Oxford/AstraZeneca
IRL,Pfizer/BioNTech
IRN,COVIranBarekat
IRN,CanSino
IRN,Covaxin
IRN,Johnson&Johnson
IRN,Moderna
IRN,Oxford/AstraZeneca
IRN,Pfizer/BioNTech
IRN,Sinopharm/Beijing
IRN,Soberana02
IRN,Sinovac
IRN,Sputnik Light
IRN,SputnikV
IRQ,CanSino
IRQ,Covaxin
IRQ,Johnson&Johnson
IRQ,Moderna
IRQ,Oxford/AstraZeneca
IRQ,Pfizer/BioNTech
IRQ,Sinopharm/Beijing
IRQ,Sinovac
IRQ,SputnikV
IRQ,Sputnik Light
ISL,Johnson&Johnson
ISL,Moderna
ISL,Oxford/AstraZeneca
ISL,Pfizer/BioNTech
ISR,Moderna
ISR,Pfizer/BioNTech
ITA,Johnson&Johnson
ITA,Moderna
ITA,Novavax
ITA,Oxford/AstraZeneca
ITA,Pfizer/BioNTech
ITA,Sanofi/GSK
JAM,Johnson&Johnson
JAM,Moderna
JAM,Oxford/AstraZeneca
JAM,Pfizer/BioNTech
JEY,Moderna
JEY,Oxford/AstraZeneca
JEY,Pfizer/BioNTech
JOR,CanSino
JOR,Covaxin
JOR,Johnson&Johnson
JOR,Moderna
JOR,Oxford/AstraZeneca
JOR,Pfizer/BioNTech
JOR,Sinopharm/Beijing
JOR,Sinovac
JOR,SputnikV
JOR,Sputnik Light
JPN,Moderna
JPN,Novavax
JPN,Oxford/AstraZeneca
JPN,Pfizer/BioNTech
KAZ,Pfizer/BioNTech
KAZ,QazVac
KAZ,Sinopharm/Beijing
KAZ,Sinovac
KAZ,SputnikV
KEN,Johnson&Johnson
KEN,Moderna
KEN,Oxford/AstraZeneca
KEN,Pfizer/BioNTech
KEN,Sinopharm/Beijing
KGZ,Sinopharm/Beijing
KGZ,SputnikV
KHM,Johnson&Johnson
KHM,Moderna
KHM,Oxford/AstraZeneca
KHM,Pfizer/BioNTech
KHM,Sinopharm/Beijing
KHM,Sinovac
KIR,Oxford/AstraZeneca
KNA,Oxford/AstraZeneca
KNA,Pfizer/BioNTech
KOR,Johnson&Johnson
KOR,Moderna
KOR,Novavax
KOR,Oxford/AstraZeneca
KOR,Pfizer/BioNTech
KOR,SKYCovione
KWT,CanSino
KWT,Covaxin
KWT,Johnson&Johnson
KWT,Moderna
KWT,Oxford/AstraZeneca
KWT,Pfizer/BioNTech
KWT,Sinopharm/Beijing
KWT,Sinovac
KWT,SputnikV
KWT,Sputnik Light
LAO,Johnson&Johnson
LAO,Oxford/AstraZeneca
LAO,Pfizer/BioNTech
LAO,Sinopharm/Beijing
LAO,Sinovac
LAO,Sputnik Light
LAO,SputnikV
LBN,CanSino
LBN,Covaxin
LBN,Johnson&Johnson
LBN,Moderna
LBN,Oxford/AstraZeneca
LBN,Pfizer/BioNTech
LBN,Sinopharm/Beijing
LBN,Sinovac
LBN,SputnikV
LBN,Sputnik Light
LBR,Oxford/AstraZeneca
LBY,CanSino
LBY,Covaxin
LBY,Johnson&Johnson
LBY,Moderna
LBY,Oxford/AstraZeneca
LBY,Pfizer/BioNTech
LBY,Sinopharm/Beijing
LBY,Sinovac
LBY,SputnikV
LBY,Sputnik Light
LCA,Johnson&Johnson
LCA,Moderna
LCA,Oxford/AstraZeneca
LCA,Pfizer/BioNTech
LIE,Johnson&Johnson
LIE,Moderna
LIE,Novavax
LIE,Pfizer/BioNTech
LKA,Moderna
LKA,Oxford/AstraZeneca
LKA,Pfizer/BioNTech
LKA,Sinopharm/Beijing
LKA,SputnikV
LSO,Johnson&Johnson
LSO,Oxford/AstraZeneca
LSO,Sinopharm/Beijing
LTU,Johnson&Johnson
LTU,Moderna
LTU,Novavax
LTU,Oxford/AstraZeneca
LTU,Pfizer/BioNTech
LUX,Johnson&Johnson
LUX,Moderna
LUX,Novavax
LUX,Oxford/AstraZeneca
LUX,Pfizer/BioNTech
LVA,Johnson&Johnson
LVA,Moderna
LVA,Novavax
LVA,Oxford/AstraZeneca
LVA,Pfizer/BioNTech
MAC,Pfizer/BioNTech
MAC,Sinopharm/Beijing
MCO,Pfizer/BioNTech
MDA,Johnson&Johnson
MDA,Moderna
MDA,Oxford/AstraZeneca
MDA,Pfizer/BioNTech
MDA,Sinopharm/Beijing
MDA,Sinovac
MDA,SputnikV
MDG,Johnson&Johnson
MDG,Oxford/AstraZeneca
MDG,Sinopharm/Beijing
MDV,Johnson&Johnson
MDV,Moderna
MDV,Oxford/AstraZeneca
MDV,Pfizer/BioNTech
MDV,Sinopharm/Beijing
MDV,Sinovac
MDV,SputnikV
MEX,CanSino
MEX,Johnson&Johnson
MEX,Moderna
MEX,Oxford/AstraZeneca
MEX,Pfizer/BioNTech
MEX,Sinovac
MEX,SputnikV
MKD,Moderna
MKD,Oxford/AstraZeneca
MKD,Pfizer/BioNTech
MKD,Sinopharm/Beijing
MKD,Sinopharm/Wuhan
MKD,Sinovac
MKD,SputnikV
MLI,Oxford/AstraZeneca
MLT,Johnson&Johnson
MLT,Moderna
MLT,Oxford/AstraZeneca
MLT,Pfizer/BioNTech
MMR,Oxford/AstraZeneca
MMR,Sinopharm/Beijing
MNE,Oxford/AstraZeneca
MNE,Pfizer/BioNTech
MNE,Sinopharm/Beijing
MNE,SputnikV
MNG,Oxford/AstraZeneca
MNG,Pfizer/BioNTech
MNG,Sinopharm/Beijing
MNG,SputnikV
MOZ,Johnson&Johnson
MOZ,Oxford/AstraZeneca
MOZ,Sinopharm/Beijing
MRT,Oxford/AstraZeneca
MRT,Sinopharm/Beijing
MSR,Oxford/AstraZeneca
MUS,Covaxin
MUS,Oxford/AstraZeneca
MUS,Sinopharm/Beijing
MWI,Johnson&Johnson
MWI,Oxford/AstraZeneca
MYS,CanSino
MYS,Oxford/AstraZeneca
MYS,Pfizer/BioNTech
MYS,Sinopharm/Beijing
MYS,Sinovac
NAM,Johnson&Johnson
NAM,Oxford/AstraZeneca
NAM,Pfizer/BioNTech
NAM,Sinopharm/Beijing
NCL,Pfizer/BioNTech
NER,Oxford/AstraZeneca
NER,Sinopharm/Beijing
NGA,Oxford/AstraZeneca
NIC,Abdala
NIC,Johnson&Johnson
NIC,Moderna
NIC,Oxford/AstraZeneca
NIC,Pfizer/BioNTech
NIC,Sinopharm/Beijing
NIC,Soberana02
NIC,Sputnik Light
NIC,SputnikV
NIU,Pfizer/BioNTech
NLD,Johnson&Johnson
NLD,Moderna
NLD,Novavax
NLD,Oxford/AstraZeneca
NLD,Pfizer/BioNTech
NOR,Moderna
NOR,Pfizer/BioNTech
NPL,Covaxin
NPL,Johnson&Johnson
NPL,Moderna
NPL,Oxford/AstraZeneca
NPL,Pfizer/BioNTech
NPL,Sinopharm/Beijing
NPL,SputnikV
NRU,Oxford/AstraZeneca
NZL,Novavax
NZL,Oxford/AstraZeneca
NZL,Pfizer/BioNTech
OMN,CanSino
OMN,Covaxin
OMN,Johnson&Johnson
OMN,Moderna
OMN,Oxford/AstraZeneca
OMN,Pfizer/BioNTech
OMN,Sinopharm/Beijing
OMN,Sinovac
OMN,SputnikV
OMN,Sputnik Light
OWID_CYN,Oxford/AstraZeneca
OWID_CYN,Pfizer/BioNTech
OWID_CYN,Sinovac
OWID_ENG,Moderna
OWID_ENG,Oxford/AstraZeneca
OWID_ENG,Pfizer/BioNTech
OWID_KOS,Oxford/AstraZeneca
OWID_KOS,Pfizer/BioNTech
OWID_NIR,Moderna
OWID_NIR,Oxford/AstraZeneca
OWID_NIR,Pfizer/BioNTech
OWID_SCT,Moderna
OWID_SCT,Oxford/AstraZeneca
OWID_SCT,Pfizer/BioNTech
OWID_WLS,Moderna
OWID_WLS,Oxford/AstraZeneca
OWID_WLS,Pfizer/BioNTech
PAK,CanSino
PAK,Covaxin
PAK,Johnson&Johnson
PAK,Moderna
PAK,Oxford/AstraZeneca
PAK,Pfizer/BioNTech
PAK,Sinopharm/Beijing
PAK,Sinovac
PAK,SputnikV
PAK,Sputnik Light
PAN,Oxford/AstraZeneca
PAN,Pfizer/BioNTech
PCN,Oxford/AstraZeneca
PER,Moderna
PER,Oxford/AstraZeneca
PER,Pfizer/BioNTech
PER,Sinopharm/Beijing
PHL,Covaxin
PHL,Johnson&Johnson
PHL,Moderna
PHL,Novavax
PHL,Oxford/AstraZeneca
PHL,Pfizer/BioNTech
PHL,Sinopharm/Beijing
PHL,Sinovac
PHL,SputnikV
PHL,Sputnik Light
PNG,Oxford/AstraZeneca
POL,Johnson&Johnson
POL,Moderna
POL,Novavax
POL,Oxford/AstraZeneca
POL,Pfizer/BioNTech
PRT,Covaxin
PRT,Johnson&Johnson
PRT,Moderna
PRT,Novavax
PRT,Oxford/AstraZeneca
PRT,Pfizer/BioNTech
PRT,Sanofi/GSK
PRT,Sinopharm/Beijing
PRT,Sinovac
PRY,Covaxin
PRY,Moderna
PRY,Oxford/AstraZeneca
PRY,Pfizer/BioNTech
PRY,Sinopharm/Beijing
PRY,Sinovac
PRY,SputnikV
PSE,CanSino
PSE,Covaxin
PSE,Johnson&Johnson
PSE,Moderna
PSE,Oxford/AstraZeneca
PSE,Pfizer/BioNTech
PSE,Sinopharm/Beijing
PSE,Sinovac
PSE,SputnikV
PSE,Sputnik Light
PYF,Johnson&Johnson
PYF,Pfizer/BioNTech
QAT,CanSino
QAT,Covaxin
QAT,Johnson&Johnson
QAT,Moderna
QAT,Oxford/AstraZeneca
QAT,Pfizer/BioNTech
QAT,Sinopharm/Beijing
QAT,Sinovac
QAT,SputnikV
QAT,Sputnik Light
ROU,Johnson&Johnson
ROU,Moderna
ROU,Oxford/AstraZeneca
ROU,Pfizer/BioNTech
RUS,EpiVacCorona
RUS,SputnikV
RWA,Johnson&Johnson
RWA,Moderna
RWA,Oxford/AstraZeneca
RWA,Pfizer/BioNTech
RWA,Sinopharm/Beijing
RWA,Sinovac
RWA,SputnikV
SAU,Oxford/AstraZeneca
SAU,Pfizer/BioNTech
SDN,CanSino
SDN,Covaxin
SDN,Johnson&Johnson
SDN,Moderna
SDN,Oxford/AstraZeneca
SDN,Pfizer/BioNTech
SDN,Sinopharm/Beijing
SDN,Sinovac
SDN,SputnikV
SDN,Sputnik Light
SEN,Johnson&Johnson
SEN,Oxford/AstraZeneca
SEN,Sinopharm/Beijing
SGP,Moderna
SGP,Novavax
SGP,Pfizer/BioNTech
SGP,Sinopharm/Beijing
SGP,Sinovac
SHN,Oxford/AstraZeneca
SLB,Oxford/AstraZeneca
SLE,Oxford/AstraZeneca
SLE,Sinopharm/Beijing
SLV,Oxford/AstraZeneca
SLV,Pfizer/BioNTech
SLV,Sinopharm/Beijing
SLV,Sinovac
SMR,Pfizer/BioNTech
SMR,SputnikV
SOM,CanSino
SOM,Covaxin
SOM,Johnson&Johnson
SOM,Moderna
SOM,Oxford/AstraZeneca
SOM,Pfizer/BioNTech
SOM,Sinopharm/Beijing
SOM,Sinovac
SOM,SputnikV
SOM,Sputnik Light
SRB,Oxford/AstraZeneca
SRB,Pfizer/BioNTech
SRB,Sinopharm/Beijing
SRB,SputnikV
SSD,Johnson&Johnson
SSD,Oxford/AstraZeneca
STP,Oxford/AstraZeneca
SUR,Oxford/AstraZeneca
SUR,Pfizer/BioNTech
SUR,Sinopharm/Beijing
SVK,Johnson&Johnson
SVK,Moderna
SVK,Novavax
SVK,Oxford/AstraZeneca
SVK,Pfizer/BioNTech
SVK,SputnikV
SVN,Johnson&Johnson
SVN,Moderna
SVN,Novavax
SVN,Oxford/AstraZeneca
SVN,Pfizer/BioNTech
SWE,Moderna
SWE,Novavax
SWE,Oxford/AstraZeneca
SWE,Pfizer/BioNTech
SWZ,Johnson&Johnson
SWZ,Oxford/AstraZeneca
SWZ,Pfizer/BioNTech
SXM,Moderna
SXM,Oxford/AstraZeneca
SXM,Pfizer/BioNTech
SYC,Oxford/AstraZeneca
SYC,Sinopharm/Beijing
SYC,SputnikV
SYR,CanSino
SYR,Covaxin
SYR,Johnson&Johnson
SYR,Moderna
SYR,Oxford/AstraZeneca
SYR,Pfizer/BioNTech
SYR,Sinopharm/Beijing
SYR,Sinovac
SYR,SputnikV
SYR,Sputnik Light
TCA,Pfizer/BioNTech
TCD,Sinopharm/Beijing
TGO,Oxford/AstraZeneca
THA,Moderna
THA,Oxford/AstraZeneca
THA,Pfizer/BioNTech
THA,Sinopharm/Beijing
THA,Sinovac
TJK,Moderna
TJK,Oxford/AstraZeneca
TJK,Pfizer/BioNTech
TJK,Sinovac
TJK,SputnikV
TKL,Pfizer/BioNTech
TKM,EpiVacCorona
TKM,Oxford/AstraZeneca
TKM,QazVac
TKM,Sinopharm/Beijing
TKM,SputnikV
TKM,ZF2001
TLS,Oxford/AstraZeneca
TLS,Pfizer/BioNTech
TLS,Sinovac
TON,Oxford/AstraZeneca
TTO,Johnson&Johnson
TTO,Oxford/AstraZeneca
TTO,Pfizer/BioNTech
TTO,Sinopharm/Beijing
TUN,CanSino
TUN,Covaxin
TUN,Johnson&Johnson
TUN,Moderna
TUN,Oxford/AstraZeneca
TUN,Pfizer/BioNTech
TUN,Sinopharm/Beijing
TUN,Sinovac
TUN,SputnikV
TUN,Sputnik Light
TUR,Pfizer/BioNTech
TUR,Sinovac
TUR,Turkovac
TUV,Oxford/AstraZeneca
TWN,Medigen
TWN,Moderna
TWN,Novavax
TWN,Oxford/AstraZeneca
TWN,Pfizer/BioNTech
TZA,Johnson&Johnson
TZA,Pfizer/BioNTech
TZA,Sinopharm/Beijing
UGA,Johnson&Johnson
UGA,Moderna
UGA,Oxford/AstraZeneca
UGA,Pfizer/BioNTech
UGA,Sinovac
UKR,Johnson&Johnson
UKR,Moderna
UKR,Oxford/AstraZeneca
UKR,Pfizer/BioNTech
UKR,Sinovac
URY,Oxford/AstraZeneca
URY,Pfizer/BioNTech
URY,Sinovac
USA,Johnson&Johnson
USA,Moderna
USA,Novavax
USA,Pfizer/BioNTech
UZB,Johnson&Johnson
UZB,Moderna
UZB,Oxford/AstraZeneca
UZB,Pfizer/BioNTech
UZB,Sinovac
UZB,Sputnik Light
UZB,SputnikV
UZB,ZF2001
VCT,Oxford/AstraZeneca
VCT,Pfizer/BioNTech
VCT,Sputnik Light
VCT,SputnikV
VEN,Abdala
VEN,Sinopharm/Beijing
VEN,Sinovac
VEN,Soberana02
VEN,Sputnik Light
VEN,SputnikV
VGB,Johnson&Johnson
VGB,Oxford/AstraZeneca
VNM,Abdala
VNM,Moderna
VNM,Oxford/AstraZeneca
VNM,Pfizer/BioNTech
VNM,Sinopharm/Beijing
VNM,SputnikV
VUT,Oxford/AstraZeneca
WLF,Moderna
WSM,Oxford/AstraZeneca
YEM,CanSino
YEM,Covaxin
YEM,Johnson&Johnson
YEM,Moderna
YEM,Oxford/AstraZeneca
YEM,Pfizer/BioNTech
YEM,Sinopharm/Beijing
YEM,Sinovac
YEM,SputnikV
YEM,Sputnik Light
ZAF,Johnson&Johnson
ZAF,Pfizer/BioNTech
ZMB,Johnson&Johnson
ZMB,Oxford/AstraZeneca
ZMB,Sinopharm/Beijing
ZWE,Oxford/AstraZeneca
ZWE,Sinopharm/Beijing
ZWE,Sinovac
ZWE,SputnikV
OWID_EUN,Covaxin
OWID_EUN,Johnson&Johnson
OWID_EUN,Moderna
OWID_EUN,Novavax
OWID_EUN,Oxford/AstraZeneca
OWID_EUN,Pfizer/BioNTech
OWID_EUN,Sanofi/GSK
OWID_EUN,Sinopharm/Beijing
OWID_EUN,Sinovac
OWID_EUN,SputnikV
OWID_EUN,Valneva
ARG,Sputnik Light
CZE,Covaxin
CZE,Sinopharm/Beijing
CZE,SputnikV
CZE,Valneva
FIN,Johnson&Johnson
FIN,Novavax
FIN,Valneva
LVA,Sinopharm/Beijing
LVA,Sinovac
NOR,Oxford/AstraZeneca
NOR,Johnson&Johnson
SVN,Sanofi/GSK
